<profile version="1.0">
  <option name="myName" value="Default" />
  <inspection_tool class="Annotator" enabled="false" level="ERROR" enabled_by_default="false" />
  <inspection_tool class="BuildoutUnresolvedPartInspection" enabled="false" level="WARNING" enabled_by_default="false" />
  <inspection_tool class="CheckDtdRefs" enabled="false" level="ERROR" enabled_by_default="false" />
  <inspection_tool class="CheckEmptyScriptTag" enabled="false" level="WARNING" enabled_by_default="false" />
  <inspection_tool class="CheckTagEmptyBody" enabled="false" level="WARNING" enabled_by_default="false" />
  <inspection_tool class="CheckValidXmlInScriptTagBody" enabled="false" level="ERROR" enabled_by_default="false" />
  <inspection_tool class="CheckXmlFileWithXercesValidator" enabled="false" level="ERROR" enabled_by_default="false" />
  <inspection_tool class="CommandLineInspection" enabled="false" level="WARNING" enabled_by_default="false" />
  <inspection_tool class="EditorConfigCharClassLetterRedundancy" enabled="false" level="WARNING" enabled_by_default="false" />
  <inspection_tool class="EditorConfigCharClassRedundancy" enabled="false" level="WARNING" enabled_by_default="false" />
  <inspection_tool class="EditorConfigDeprecatedDescriptor" enabled="false" level="WARNING" enabled_by_default="false" />
  <inspection_tool class="EditorConfigEmptyHeader" enabled="false" level="ERROR" enabled_by_default="false" />
  <inspection_tool class="EditorConfigEmptySection" enabled="false" level="WARNING" enabled_by_default="false" />
  <inspection_tool class="EditorConfigHeaderUniqueness" enabled="false" level="WARNING" enabled_by_default="false" />
  <inspection_tool class="EditorConfigKeyCorrectness" enabled="false" level="WARNING" enabled_by_default="false" />
  <inspection_tool class="EditorConfigListAcceptability" enabled="false" level="ERROR" enabled_by_default="false" />
  <inspection_tool class="EditorConfigMissingRequiredDeclaration" enabled="false" level="ERROR" enabled_by_default="false" />
  <inspection_tool class="EditorConfigNoMatchingFiles" enabled="false" level="WARNING" enabled_by_default="false" />
  <inspection_tool class="EditorConfigNumerousWildcards" enabled="false" level="WEAK WARNING" enabled_by_default="false" />
  <inspection_tool class="EditorConfigOptionRedundancy" enabled="false" level="WARNING" enabled_by_default="false" />
  <inspection_tool class="EditorConfigPairAcceptability" enabled="false" level="ERROR" enabled_by_default="false" />
  <inspection_tool class="EditorConfigPartialOverride" enabled="false" level="WEAK WARNING" enabled_by_default="false" />
  <inspection_tool class="EditorConfigPatternEnumerationRedundancy" enabled="false" level="ERROR" enabled_by_default="false" />
  <inspection_tool class="EditorConfigPatternRedundancy" enabled="false" level="WARNING" enabled_by_default="false" />
  <inspection_tool class="EditorConfigReferenceCorrectness" enabled="false" level="ERROR" enabled_by_default="false" />
  <inspection_tool class="EditorConfigRootDeclarationCorrectness" enabled="false" level="ERROR" enabled_by_default="false" />
  <inspection_tool class="EditorConfigRootDeclarationUniqueness" enabled="false" level="ERROR" enabled_by_default="false" />
  <inspection_tool class="EditorConfigShadowedOption" enabled="false" level="WARNING" enabled_by_default="false" />
  <inspection_tool class="EditorConfigShadowingOption" enabled="false" level="WARNING" enabled_by_default="false" />
  <inspection_tool class="EditorConfigSpaceInHeader" enabled="false" level="WEAK WARNING" enabled_by_default="false" />
  <inspection_tool class="EditorConfigUnexpectedComma" enabled="false" level="ERROR" enabled_by_default="false" />
  <inspection_tool class="EditorConfigUnusedDeclaration" enabled="false" level="WARNING" enabled_by_default="false" />
  <inspection_tool class="EditorConfigValueCorrectness" enabled="false" level="ERROR" enabled_by_default="false" />
  <inspection_tool class="EditorConfigValueUniqueness" enabled="false" level="ERROR" enabled_by_default="false" />
  <inspection_tool class="EditorConfigWildcardRedundancy" enabled="false" level="WARNING" enabled_by_default="false" />
  <inspection_tool class="HtmlExtraClosingTag" enabled="false" level="WARNING" enabled_by_default="false" />
  <inspection_tool class="HtmlMissingClosingTag" enabled="false" level="INFORMATION" enabled_by_default="false" />
  <inspection_tool class="HtmlUnknownAnchorTarget" enabled="false" level="WARNING" enabled_by_default="false" />
  <inspection_tool class="HtmlUnknownAttribute" enabled="false" level="WARNING" enabled_by_default="false">
    <option name="myValues">
      <value>
        <list size="0" />
      </value>
    </option>
    <option name="myCustomValuesEnabled" value="true" />
  </inspection_tool>
  <inspection_tool class="HtmlUnknownBooleanAttribute" enabled="false" level="WARNING" enabled_by_default="false" />
  <inspection_tool class="HtmlUnknownTag" enabled="false" level="WARNING" enabled_by_default="false">
    <option name="myValues">
      <value>
        <list size="6">
          <item index="0" class="java.lang.String" itemvalue="nobr" />
          <item index="1" class="java.lang.String" itemvalue="noembed" />
          <item index="2" class="java.lang.String" itemvalue="comment" />
          <item index="3" class="java.lang.String" itemvalue="noscript" />
          <item index="4" class="java.lang.String" itemvalue="embed" />
          <item index="5" class="java.lang.String" itemvalue="script" />
        </list>
      </value>
    </option>
    <option name="myCustomValuesEnabled" value="true" />
  </inspection_tool>
  <inspection_tool class="HtmlUnknownTarget" enabled="false" level="WARNING" enabled_by_default="false" />
  <inspection_tool class="IgnoreFileDuplicateEntry" enabled="false" level="WARNING" enabled_by_default="false" />
  <inspection_tool class="InjectedReferences" enabled="false" level="ERROR" enabled_by_default="false" />
  <inspection_tool class="Json5StandardCompliance" enabled="false" level="ERROR" enabled_by_default="false" />
  <inspection_tool class="JsonDuplicatePropertyKeys" enabled="false" level="WARNING" enabled_by_default="false" />
  <inspection_tool class="JsonSchemaCompliance" enabled="false" level="WARNING" enabled_by_default="false" />
  <inspection_tool class="JsonSchemaDeprecation" enabled="false" level="WEAK WARNING" enabled_by_default="false" />
  <inspection_tool class="JsonSchemaRefReference" enabled="false" level="WARNING" enabled_by_default="false" />
  <inspection_tool class="JsonStandardCompliance" enabled="false" level="ERROR" enabled_by_default="false" />
  <inspection_tool class="LossyEncoding" enabled="false" level="WARNING" enabled_by_default="false" />
  <inspection_tool class="MarkdownUnresolvedFileReference" enabled="false" level="WARNING" enabled_by_default="false" />
  <inspection_tool class="NonAsciiCharacters" enabled="false" level="WARNING" enabled_by_default="false" />
  <inspection_tool class="PyAbstractClassInspection" enabled="false" level="WEAK WARNING" enabled_by_default="false" />
  <inspection_tool class="PyArgumentListInspection" enabled="false" level="WARNING" enabled_by_default="false" />
  <inspection_tool class="PyAssignmentToLoopOrWithParameterInspection" enabled="false" level="WEAK WARNING" enabled_by_default="false" />
  <inspection_tool class="PyAsyncCallInspection" enabled="false" level="WARNING" enabled_by_default="false" />
  <inspection_tool class="PyAttributeOutsideInitInspection" enabled="false" level="WEAK WARNING" enabled_by_default="false" />
  <inspection_tool class="PyBroadExceptionInspection" enabled="false" level="WEAK WARNING" enabled_by_default="false" />
  <inspection_tool class="PyByteLiteralInspection" enabled="false" level="WARNING" enabled_by_default="false" />
  <inspection_tool class="PyCallByClassInspection" enabled="false" level="WEAK WARNING" enabled_by_default="false" />
  <inspection_tool class="PyCallingNonCallableInspection" enabled="false" level="WARNING" enabled_by_default="false" />
  <inspection_tool class="PyChainedComparisonsInspection" enabled="false" level="WEAK WARNING" enabled_by_default="false" />
  <inspection_tool class="PyClassHasNoInitInspection" enabled="false" level="WEAK WARNING" enabled_by_default="false" />
  <inspection_tool class="PyComparisonWithNoneInspection" enabled="false" level="WEAK WARNING" enabled_by_default="false" />
  <inspection_tool class="PyDataclassInspection" enabled="false" level="WARNING" enabled_by_default="false" />
  <inspection_tool class="PyDecoratorInspection" enabled="false" level="WARNING" enabled_by_default="false" />
  <inspection_tool class="PyDefaultArgumentInspection" enabled="false" level="WARNING" enabled_by_default="false" />
  <inspection_tool class="PyDeprecationInspection" enabled="false" level="WARNING" enabled_by_default="false" />
  <inspection_tool class="PyDictCreationInspection" enabled="false" level="WEAK WARNING" enabled_by_default="false" />
  <inspection_tool class="PyDictDuplicateKeysInspection" enabled="false" level="WARNING" enabled_by_default="false" />
  <inspection_tool class="PyDocstringTypesInspection" enabled="false" level="WEAK WARNING" enabled_by_default="false" />
  <inspection_tool class="PyDunderSlotsInspection" enabled="false" level="WARNING" enabled_by_default="false" />
  <inspection_tool class="PyExceptClausesOrderInspection" enabled="false" level="WARNING" enabled_by_default="false" />
  <inspection_tool class="PyExceptionInheritInspection" enabled="false" level="WARNING" enabled_by_default="false" />
  <inspection_tool class="PyFinalInspection" enabled="false" level="WARNING" enabled_by_default="false" />
  <inspection_tool class="PyFromFutureImportInspection" enabled="false" level="WARNING" enabled_by_default="false" />
  <inspection_tool class="PyGlobalUndefinedInspection" enabled="false" level="WEAK WARNING" enabled_by_default="false" />
  <inspection_tool class="PyInconsistentIndentationInspection" enabled="false" level="WARNING" enabled_by_default="false" />
  <inspection_tool class="PyIncorrectDocstringInspection" enabled="false" level="WEAK WARNING" enabled_by_default="false" />
  <inspection_tool class="PyInitNewSignatureInspection" enabled="false" level="WARNING" enabled_by_default="false" />
  <inspection_tool class="PyInterpreterInspection" enabled="false" level="WARNING" enabled_by_default="false" />
  <inspection_tool class="PyListCreationInspection" enabled="false" level="WEAK WARNING" enabled_by_default="false" />
  <inspection_tool class="PyMethodFirstArgAssignmentInspection" enabled="false" level="WARNING" enabled_by_default="false" />
  <inspection_tool class="PyMethodMayBeStaticInspection" enabled="false" level="WEAK WARNING" enabled_by_default="false" />
  <inspection_tool class="PyMethodOverridingInspection" enabled="false" level="WARNING" enabled_by_default="false" />
  <inspection_tool class="PyMethodParametersInspection" enabled="false" level="WEAK WARNING" enabled_by_default="false" />
  <inspection_tool class="PyMissingConstructorInspection" enabled="false" level="WARNING" enabled_by_default="false" />
  <inspection_tool class="PyNamedTupleInspection" enabled="false" level="WARNING" enabled_by_default="false" />
  <inspection_tool class="PyNestedDecoratorsInspection" enabled="false" level="WEAK WARNING" enabled_by_default="false" />
  <inspection_tool class="PyNonAsciiCharInspection" enabled="false" level="WARNING" enabled_by_default="false" />
  <inspection_tool class="PyNoneFunctionAssignmentInspection" enabled="false" level="WEAK WARNING" enabled_by_default="false" />
  <inspection_tool class="PyOldStyleClassesInspection" enabled="false" level="WARNING" enabled_by_default="false" />
  <inspection_tool class="PyOverloadsInspection" enabled="false" level="WARNING" enabled_by_default="false" />
  <inspection_tool class="PyPackageRequirementsInspection" enabled="false" level="WARNING" enabled_by_default="false">
    <option name="ignoredPackages">
      <value>
        <list size="0" />
      </value>
    </option>
  </inspection_tool>
  <inspection_tool class="PyPep8Inspection" enabled="false" level="WEAK WARNING" enabled_by_default="false" />
  <inspection_tool class="PyPep8NamingInspection" enabled="false" level="WEAK WARNING" enabled_by_default="false" />
  <inspection_tool class="PyPropertyAccessInspection" enabled="false" level="WARNING" enabled_by_default="false" />
  <inspection_tool class="PyPropertyDefinitionInspection" enabled="false" level="WARNING" enabled_by_default="false" />
  <inspection_tool class="PyProtectedMemberInspection" enabled="false" level="WEAK WARNING" enabled_by_default="false" />
  <inspection_tool class="PyProtocolInspection" enabled="false" level="WARNING" enabled_by_default="false" />
  <inspection_tool class="PyRedeclarationInspection" enabled="false" level="WARNING" enabled_by_default="false" />
  <inspection_tool class="PyRedundantParenthesesInspection" enabled="false" level="WEAK WARNING" enabled_by_default="false" />
  <inspection_tool class="PyReturnFromInitInspection" enabled="false" level="WARNING" enabled_by_default="false" />
  <inspection_tool class="PySetFunctionToLiteralInspection" enabled="false" level="WARNING" enabled_by_default="false" />
  <inspection_tool class="PyShadowingBuiltinsInspection" enabled="false" level="WEAK WARNING" enabled_by_default="false" />
  <inspection_tool class="PyShadowingNamesInspection" enabled="false" level="WEAK WARNING" enabled_by_default="false" />
  <inspection_tool class="PySimplifyBooleanCheckInspection" enabled="false" level="WEAK WARNING" enabled_by_default="false" />
  <inspection_tool class="PySingleQuotedDocstringInspection" enabled="false" level="WEAK WARNING" enabled_by_default="false" />
  <inspection_tool class="PyStatementEffectInspection" enabled="false" level="WARNING" enabled_by_default="false" />
  <inspection_tool class="PyStringExceptionInspection" enabled="false" level="ERROR" enabled_by_default="false" />
  <inspection_tool class="PyStringFormatInspection" enabled="false" level="WARNING" enabled_by_default="false" />
  <inspection_tool class="PyStubPackagesAdvertiser" enabled="false" level="WARNING" enabled_by_default="false" />
  <inspection_tool class="PyStubPackagesCompatibilityInspection" enabled="false" level="WARNING" enabled_by_default="false" />
  <inspection_tool class="PySuperArgumentsInspection" enabled="false" level="WARNING" enabled_by_default="false" />
  <inspection_tool class="PyTestParametrizedInspection" enabled="false" level="WARNING" enabled_by_default="false" />
  <inspection_tool class="PyTrailingSemicolonInspection" enabled="false" level="WARNING" enabled_by_default="false" />
  <inspection_tool class="PyTupleAssignmentBalanceInspection" enabled="false" level="WARNING" enabled_by_default="false" />
  <inspection_tool class="PyTupleItemAssignmentInspection" enabled="false" level="WARNING" enabled_by_default="false" />
  <inspection_tool class="PyTypeCheckerInspection" enabled="false" level="WARNING" enabled_by_default="false" />
  <inspection_tool class="PyTypeHintsInspection" enabled="false" level="WARNING" enabled_by_default="false" />
  <inspection_tool class="PyTypedDictInspection" enabled="false" level="WARNING" enabled_by_default="false" />
  <inspection_tool class="PyUnboundLocalVariableInspection" enabled="false" level="WARNING" enabled_by_default="false" />
  <inspection_tool class="PyUnnecessaryBackslashInspection" enabled="false" level="WARNING" enabled_by_default="false" />
  <inspection_tool class="PyUnreachableCodeInspection" enabled="false" level="WARNING" enabled_by_default="false" />
  <inspection_tool class="PyUnresolvedReferencesInspection" enabled="false" level="WARNING" enabled_by_default="false" />
  <inspection_tool class="PyUnusedLocalInspection" enabled="false" level="WEAK WARNING" enabled_by_default="false" />
  <inspection_tool class="RedundantSuppression" enabled="false" level="WARNING" enabled_by_default="false" />
  <inspection_tool class="RegExpDuplicateAlternationBranch" enabled="false" level="WARNING" enabled_by_default="false" />
  <inspection_tool class="RegExpDuplicateCharacterInClass" enabled="false" level="WARNING" enabled_by_default="false" />
  <inspection_tool class="RegExpEmptyAlternationBranch" enabled="false" level="WARNING" enabled_by_default="false" />
  <inspection_tool class="RegExpEscapedMetaCharacter" enabled="false" level="INFORMATION" enabled_by_default="false" />
  <inspection_tool class="RegExpOctalEscape" enabled="false" level="INFORMATION" enabled_by_default="false" />
  <inspection_tool class="RegExpRedundantEscape" enabled="false" level="WARNING" enabled_by_default="false" />
  <inspection_tool class="RegExpRedundantNestedCharacterClass" enabled="false" level="WARNING" enabled_by_default="false" />
  <inspection_tool class="RegExpRepeatedSpace" enabled="false" level="WARNING" enabled_by_default="false" />
  <inspection_tool class="RegExpSingleCharAlternation" enabled="false" level="WARNING" enabled_by_default="false" />
  <inspection_tool class="RegExpUnexpectedAnchor" enabled="false" level="WARNING" enabled_by_default="false" />
  <inspection_tool class="RequiredAttributes" enabled="false" level="WARNING" enabled_by_default="false">
    <option name="myAdditionalRequiredHtmlAttributes" value="" />
  </inspection_tool>
  <inspection_tool class="ShellCheck" enabled="false" level="ERROR" enabled_by_default="false" />
  <inspection_tool class="SpellCheckingInspection" enabled="false" level="TYPO" enabled_by_default="false">
    <option name="processCode" value="true" />
    <option name="processLiterals" value="true" />
    <option name="processComments" value="true" />
  </inspection_tool>
  <inspection_tool class="SyntaxError" enabled="false" level="ERROR" enabled_by_default="false" />
  <inspection_tool class="TrailingSpacesInProperty" enabled="false" level="WARNING" enabled_by_default="false" />
  <inspection_tool class="UnresolvedReference" enabled="false" level="ERROR" enabled_by_default="false" />
  <inspection_tool class="UnusedProperty" enabled="false" level="WARNING" enabled_by_default="false" />
  <inspection_tool class="WrongPropertyKeyValueDelimiter" enabled="false" level="WEAK WARNING" enabled_by_default="false" />
  <inspection_tool class="XmlDefaultAttributeValue" enabled="false" level="WARNING" enabled_by_default="false" />
  <inspection_tool class="XmlDeprecatedElement" enabled="false" level="WARNING" enabled_by_default="false" />
  <inspection_tool class="XmlDuplicatedId" enabled="false" level="ERROR" enabled_by_default="false" />
  <inspection_tool class="XmlHighlighting" enabled="false" level="ERROR" enabled_by_default="false" />
  <inspection_tool class="XmlInvalidId" enabled="false" level="ERROR" enabled_by_default="false" />
  <inspection_tool class="XmlPathReference" enabled="false" level="ERROR" enabled_by_default="false" />
  <inspection_tool class="XmlUnboundNsPrefix" enabled="false" level="WARNING" enabled_by_default="false" />
  <inspection_tool class="XmlUnusedNamespaceDeclaration" enabled="false" level="WARNING" enabled_by_default="false" />
  <inspection_tool class="XmlWrongRootElement" enabled="false" level="ERROR" enabled_by_default="false" />
  <inspection_tool class="YAMLDuplicatedKeys" enabled="false" level="ERROR" enabled_by_default="false" />
  <inspection_tool class="YAMLRecursiveAlias" enabled="false" level="ERROR" enabled_by_default="false" />
  <inspection_tool class="YAMLSchemaDeprecation" enabled="false" level="WEAK WARNING" enabled_by_default="false" />
  <inspection_tool class="YAMLSchemaValidation" enabled="false" level="WARNING" enabled_by_default="false" />
  <inspection_tool class="YAMLUnresolvedAlias" enabled="false" level="ERROR" enabled_by_default="false" />
  <inspection_tool class="YAMLUnusedAnchor" enabled="false" level="WARNING" enabled_by_default="false" />
</profile>