{
    "@context": [
        "https://geojson.org/geojson-ld/geojson-context.jsonld",
        {
            "@version": "1.1",
            "wx": "https://api.weather.gov/ontology#",
            "geo": "http://www.opengis.net/ont/geosparql#",
            "unit": "http://codes.wmo.int/common/unit/",
            "@vocab": "https://api.weather.gov/ontology#"
        }
    ],
    "type": "Feature",
    "geometry": {
        "type": "Polygon",
        "coordinates": [
            [
                [
                    -73.9741183,
                    40.832037
                ],
                [
                    -73.978595,
                    40.8103659
                ],
                [
                    -73.9499592,
                    40.8069756
                ],
                [
                    -73.94547659999999,
                    40.828646400000004
                ],
                [
                    -73.9741183,
                    40.832037
                ]
            ]
        ]
    },
    "properties": {
        "updated": "2020-11-22T14:45:14+00:00",
        "units": "us",
        "forecastGenerator": "BaselineForecastGenerator",
        "generatedAt": "2020-11-22T15:16:21+00:00",
        "updateTime": "2020-11-22T14:45:14+00:00",
        "validTimes": "2020-11-22T08:00:00+00:00/P6DT17H",
        "elevation": {
            "value": 0.9144,
            "unitCode": "unit:m"
        },
        "periods": [
            {
                "number": 1,
                "name": "Today",
                "startTime": "2020-11-22T10:00:00-05:00",
                "endTime": "2020-11-22T18:00:00-05:00",
                "isDaytime": true,
                "temperature": 53,
                "temperatureUnit": "F",
                "temperatureTrend": "falling",
                "windSpeed": "9 mph",
                "windDirection": "E",
                "icon": "https://api.weather.gov/icons/land/day/ovc/rain,30?size=medium",
                "shortForecast": "Cloudy then Chance Very Light Rain",
                "detailedForecast": "A chance of rain and a chance of drizzle after noon. Cloudy. High near 53, with temperatures falling to around 51 in the afternoon. East wind around 9 mph. Chance of precipitation is 30%."
            },
            {
                "number": 2,
                "name": "Tonight",
                "startTime": "2020-11-22T18:00:00-05:00",
                "endTime": "2020-11-23T06:00:00-05:00",
                "isDaytime": false,
                "temperature": 52,
                "temperatureUnit": "F",
                "temperatureTrend": "rising",
                "windSpeed": "10 mph",
                "windDirection": "SE",
                "icon": "https://api.weather.gov/icons/land/night/rain,70/rain,90?size=medium",
                "shortForecast": "Very Light Rain Likely",
                "detailedForecast": "Rain likely and drizzle likely before 1am, then rain showers. Cloudy. Low around 52, with temperatures rising to around 56 overnight. Southeast wind around 10 mph. Chance of precipitation is 90%. New rainfall amounts between a quarter and half of an inch possible."
            },
            {
                "number": 3,
                "name": "Monday",
                "startTime": "2020-11-23T06:00:00-05:00",
                "endTime": "2020-11-23T18:00:00-05:00",
                "isDaytime": true,
                "temperature": 56,
                "temperatureUnit": "F",
                "temperatureTrend": "falling",
                "windSpeed": "9 to 16 mph",
                "windDirection": "W",
                "icon": "https://api.weather.gov/icons/land/day/rain_showers,80/bkn?size=medium",
                "shortForecast": "Rain Showers then Partly Sunny",
                "detailedForecast": "Rain showers before noon. Partly sunny. High near 56, with temperatures falling to around 45 in the afternoon. West wind 9 to 16 mph, with gusts as high as 28 mph. Chance of precipitation is 80%. New rainfall amounts between a quarter and half of an inch possible."
            },
            {
                "number": 4,
                "name": "Monday Night",
                "startTime": "2020-11-23T18:00:00-05:00",
                "endTime": "2020-11-24T06:00:00-05:00",
                "isDaytime": false,
                "temperature": 35,
                "temperatureUnit": "F",
                "temperatureTrend": null,
                "windSpeed": "12 mph",
                "windDirection": "NW",
                "icon": "https://api.weather.gov/icons/land/night/few?size=medium",
                "shortForecast": "Mostly Clear",
                "detailedForecast": "Mostly clear, with a low around 35. Northwest wind around 12 mph, with gusts as high as 22 mph."
            },
            {
                "number": 5,
                "name": "Tuesday",
                "startTime": "2020-11-24T06:00:00-05:00",
                "endTime": "2020-11-24T18:00:00-05:00",
                "isDaytime": true,
                "temperature": 47,
                "temperatureUnit": "F",
                "temperatureTrend": "falling",
                "windSpeed": "7 to 12 mph",
                "windDirection": "NW",
                "icon": "https://api.weather.gov/icons/land/day/few?size=medium",
                "shortForecast": "Sunny",
                "detailedForecast": "Sunny. High near 47, with temperatures falling to around 45 in the afternoon. Northwest wind 7 to 12 mph."
            },
            {
                "number": 6,
                "name": "Tuesday Night",
                "startTime": "2020-11-24T18:00:00-05:00",
                "endTime": "2020-11-25T06:00:00-05:00",
                "isDaytime": false,
                "temperature": 37,
                "temperatureUnit": "F",
                "temperatureTrend": null,
                "windSpeed": "6 mph",
                "windDirection": "NE",
                "icon": "https://api.weather.gov/icons/land/night/sct?size=medium",
                "shortForecast": "Partly Cloudy",
                "detailedForecast": "Partly cloudy, with a low around 37."
            },
            {
                "number": 7,
                "name": "Wednesday",
                "startTime": "2020-11-25T06:00:00-05:00",
                "endTime": "2020-11-25T18:00:00-05:00",
                "isDaytime": true,
                "temperature": 53,
                "temperatureUnit": "F",
                "temperatureTrend": null,
                "windSpeed": "5 to 10 mph",
                "windDirection": "SE",
                "icon": "https://api.weather.gov/icons/land/day/ovc/rain_showers?size=medium",
                "shortForecast": "Cloudy then Slight Chance Rain Showers",
                "detailedForecast": "A slight chance of rain showers after noon. Cloudy, with a high near 53."
            },
            {
                "number": 8,
                "name": "Wednesday Night",
                "startTime": "2020-11-25T18:00:00-05:00",
                "endTime": "2020-11-26T06:00:00-05:00",
                "isDaytime": false,
                "temperature": 48,
                "temperatureUnit": "F",
                "temperatureTrend": null,
                "windSpeed": "9 mph",
                "windDirection": "S",
                "icon": "https://api.weather.gov/icons/land/night/rain_showers,50?size=medium",
                "shortForecast": "Chance Rain Showers",
                "detailedForecast": "A chance of rain showers. Cloudy, with a low around 48. Chance of precipitation is 50%."
            },
            {
                "number": 9,
                "name": "Thanksgiving Day",
                "startTime": "2020-11-26T06:00:00-05:00",
                "endTime": "2020-11-26T18:00:00-05:00",
                "isDaytime": true,
                "temperature": 58,
                "temperatureUnit": "F",
                "temperatureTrend": null,
                "windSpeed": "3 to 7 mph",
                "windDirection": "SW",
                "icon": "https://api.weather.gov/icons/land/day/rain_showers,50?size=medium",
                "shortForecast": "Chance Rain Showers",
                "detailedForecast": "A chance of rain showers. Partly sunny, with a high near 58. Chance of precipitation is 50%."
            },
            {
                "number": 10,
                "name": "Thursday Night",
                "startTime": "2020-11-26T18:00:00-05:00",
                "endTime": "2020-11-27T06:00:00-05:00",
                "isDaytime": false,
                "temperature": 44,
                "temperatureUnit": "F",
                "temperatureTrend": null,
                "windSpeed": "2 mph",
                "windDirection": "W",
                "icon": "https://api.weather.gov/icons/land/night/rain_showers?size=medium",
                "shortForecast": "Slight Chance Rain Showers",
                "detailedForecast": "A slight chance of rain showers. Mostly cloudy, with a low around 44."
            },
            {
                "number": 11,
                "name": "Friday",
                "startTime": "2020-11-27T06:00:00-05:00",
                "endTime": "2020-11-27T18:00:00-05:00",
                "isDaytime": true,
                "temperature": 54,
                "temperatureUnit": "F",
                "temperatureTrend": null,
                "windSpeed": "5 mph",
                "windDirection": "NW",
                "icon": "https://api.weather.gov/icons/land/day/sct?size=medium",
                "shortForecast": "Mostly Sunny",
                "detailedForecast": "Mostly sunny, with a high near 54."
            },
            {
                "number": 12,
                "name": "Friday Night",
                "startTime": "2020-11-27T18:00:00-05:00",
                "endTime": "2020-11-28T06:00:00-05:00",
                "isDaytime": false,
                "temperature": 45,
                "temperatureUnit": "F",
                "temperatureTrend": null,
                "windSpeed": "3 mph",
                "windDirection": "NW",
                "icon": "https://api.weather.gov/icons/land/night/bkn?size=medium",
                "shortForecast": "Mostly Cloudy",
                "detailedForecast": "Mostly cloudy, with a low around 45."
            },
            {
                "number": 13,
                "name": "Saturday",
                "startTime": "2020-11-28T06:00:00-05:00",
                "endTime": "2020-11-28T18:00:00-05:00",
                "isDaytime": true,
                "temperature": 55,
                "temperatureUnit": "F",
                "temperatureTrend": null,
                "windSpeed": "6 mph",
                "windDirection": "NW",
                "icon": "https://api.weather.gov/icons/land/day/rain_showers?size=medium",
                "shortForecast": "Slight Chance Rain Showers",
                "detailedForecast": "A slight chance of rain showers. Partly sunny, with a high near 55."
            },
            {
                "number": 14,
                "name": "Saturday Night",
                "startTime": "2020-11-28T18:00:00-05:00",
                "endTime": "2020-11-29T06:00:00-05:00",
                "isDaytime": false,
                "temperature": 40,
                "temperatureUnit": "F",
                "temperatureTrend": null,
                "windSpeed": "5 mph",
                "windDirection": "NW",
                "icon": "https://api.weather.gov/icons/land/night/rain_showers/bkn?size=medium",
                "shortForecast": "Slight Chance Rain Showers then Mostly Cloudy",
                "detailedForecast": "A slight chance of rain showers before 8pm. Mostly cloudy, with a low around 40."
            }
        ]
    }
}
